atlasId,atlasName,cohortId,name
631,[JWP] cohort2 target: colchicine cohort,631,JWP_cohort2_target_colchicine_cohort
632,[JWP] cohort2 comparator: no colchicine cohort,632,JWP_cohort2_comparator_no_colchicine_cohort
718,[JWP] cohort23 outcome: COVID-19 hospitalization,718,JWP_cohort23_outcome_COVID19_hospitalization
717,[JWP] cohort23 outcome: severe COVID19 infection,717,JWP_cohort23_outcome_severe_COVID19_infection
719,[JWP] cohort23 outcome: death due to covid19,719,JWP_cohort23_outcome_death_due_to_covid19
