targetId,comparatorId,outcomeId,outcomeName,type
631,632,134118,Atrophic condition of skin,outcome
631,632,381581,Chalazion,outcome
631,632,133228,Dental caries,outcome
631,632,139099,Ingrowing nail,outcome
631,632,444130,Injury of foot,outcome
631,632,134222,Injury of forearm,outcome
631,632,42537251,Polyp of nasal cavity and/or nasal sinus,outcome
631,632,4285898,Polyp of colon,outcome
631,632,133141,Tinea pedis,outcome
631,632,195562,Hemorrhoids,outcome
631,632,4134318,Fractured nasal bones,outcome
631,632,193522,Acute prostatitis,outcome
631,632,4293479,Burn of head AND/OR neck,outcome
631,632,201618,Disorder of intestine,outcome
631,632,196738,Disorder of male genital organ,outcome
631,632,432612,Mild intellectual disability,outcome
631,632,436675,Anorexia nervosa,outcome
631,632,379019,Conjunctivitis,outcome
631,632,374366,Sensorineural hearing loss,outcome
631,632,4288544,Inguinal hernia,outcome
631,632,435784,Somatoform disorder,outcome
631,632,141095,Acne,outcome
631,632,74855,Genital herpes simplex,outcome
631,632,436665,Bipolar disorder,outcome
631,632,197672,Urinary incontinence,outcome
