{
  "ExpressionLimit": {"Type": "First"},
  "CollapseSettings": {
    "CollapseType": "ERA",
    "EraPad": 0
  },
  "CensorWindow": {
    "StartDate": null,
    "EndDate": null
  },
  "ConceptSets": [{
    "expression": {"items": [
      {
        "isExcluded": false,
        "concept": {
          "INVALID_REASON_CAPTION": "Valid",
          "CONCEPT_ID": 4100065,
          "STANDARD_CONCEPT": "S",
          "CONCEPT_CODE": "27619001",
          "VOCABULARY_ID": "SNOMED",
          "CONCEPT_NAME": "Disease due to Coronaviridae",
          "DOMAIN_ID": "Condition",
          "STANDARD_CONCEPT_CAPTION": "Standard",
          "CONCEPT_CLASS_ID": "Clinical Finding",
          "INVALID_REASON": "V"
        },
        "includeMapped": false,
        "includeDescendants": true
      },
      {
        "isExcluded": false,
        "concept": {
          "INVALID_REASON_CAPTION": "Valid",
          "CONCEPT_ID": 37311061,
          "STANDARD_CONCEPT": "S",
          "CONCEPT_CODE": "840539006",
          "VOCABULARY_ID": "SNOMED",
          "CONCEPT_NAME": "COVID-19",
          "DOMAIN_ID": "Condition",
          "STANDARD_CONCEPT_CAPTION": "Standard",
          "CONCEPT_CLASS_ID": "Clinical Finding",
          "INVALID_REASON": "V"
        },
        "includeMapped": false,
        "includeDescendants": false
      },
      {
        "isExcluded": false,
        "concept": {
          "INVALID_REASON_CAPTION": "Valid",
          "CONCEPT_ID": 439676,
          "STANDARD_CONCEPT": "S",
          "CONCEPT_CODE": "186747009",
          "VOCABULARY_ID": "SNOMED",
          "CONCEPT_NAME": "Coronavirus infection",
          "DOMAIN_ID": "Condition",
          "STANDARD_CONCEPT_CAPTION": "Standard",
          "CONCEPT_CLASS_ID": "Clinical Finding",
          "INVALID_REASON": "V"
        },
        "includeMapped": false,
        "includeDescendants": true
      },
      {
        "isExcluded": false,
        "concept": {
          "INVALID_REASON_CAPTION": "Valid",
          "CONCEPT_ID": 704996,
          "STANDARD_CONCEPT": "S",
          "CONCEPT_CODE": "OMOP4912978",
          "VOCABULARY_ID": "OMOP Extension",
          "CONCEPT_NAME": "Patient meets COVID-19 laboratory diagnostic criteria",
          "DOMAIN_ID": "Observation",
          "STANDARD_CONCEPT_CAPTION": "Standard",
          "CONCEPT_CLASS_ID": "Clinical Finding",
          "INVALID_REASON": "V"
        },
        "includeMapped": false,
        "includeDescendants": false
      }
    ]},
    "name": "[JWP] COVID 19",
    "id": 0
  }],
  "cdmVersionRange": ">=5.0.0",
  "CensoringCriteria": [],
  "QualifiedLimit": {"Type": "First"},
  "InclusionRules": [],
  "PrimaryCriteria": {
    "CriteriaList": [
      {"ConditionOccurrence": {
        "OccurrenceEndDate": null,
        "CorrelatedCriteria": null,
        "ConditionTypeExclude": false,
        "CodesetId": 0,
        "ProviderSpecialty": null,
        "Gender": null,
        "VisitType": null,
        "First": null,
        "OccurrenceStartDate": null,
        "ConditionType": null,
        "ConditionSourceConcept": null,
        "ConditionStatus": null,
        "StopReason": null,
        "Age": {
          "Op": "gte",
          "Extent": null,
          "Value": 18
        }
      }},
      {"Observation": {
        "ValueAsConcept": null,
        "ObservationType": null,
        "CorrelatedCriteria": null,
        "ObservationTypeExclude": false,
        "ValueAsString": null,
        "CodesetId": 0,
        "ProviderSpecialty": null,
        "Gender": null,
        "Unit": null,
        "ObservationSourceConcept": null,
        "VisitType": null,
        "ValueAsNumber": null,
        "Qualifier": null,
        "First": null,
        "OccurrenceStartDate": null,
        "Age": {
          "Op": "gte",
          "Extent": null,
          "Value": 18
        }
      }}
    ],
    "PrimaryCriteriaLimit": {"Type": "First"},
    "ObservationWindow": {
      "PostDays": 0,
      "PriorDays": 0
    }
  }
}