{
  "ExpressionLimit": {"Type": "All"},
  "CollapseSettings": {
    "CollapseType": "ERA",
    "EraPad": 30
  },
  "CensorWindow": {
    "StartDate": null,
    "EndDate": null
  },
  "ConceptSets": [
    {
      "expression": {"items": [
        {
          "isExcluded": false,
          "concept": {
            "INVALID_REASON_CAPTION": "Valid",
            "CONCEPT_ID": 44783799,
            "STANDARD_CONCEPT": "S",
            "CONCEPT_CODE": "697984004",
            "VOCABULARY_ID": "SNOMED",
            "CONCEPT_NAME": "Exteriorization of trachea",
            "DOMAIN_ID": "Procedure",
            "STANDARD_CONCEPT_CAPTION": "Standard",
            "CONCEPT_CLASS_ID": "Procedure",
            "INVALID_REASON": "V"
          },
          "includeMapped": false,
          "includeDescendants": true
        },
        {
          "isExcluded": false,
          "concept": {
            "INVALID_REASON_CAPTION": "Valid",
            "CONCEPT_ID": 4134745,
            "STANDARD_CONCEPT": "S",
            "CONCEPT_CODE": "397930006",
            "VOCABULARY_ID": "SNOMED",
            "CONCEPT_NAME": "Percutaneous dilational tracheostomy",
            "DOMAIN_ID": "Procedure",
            "STANDARD_CONCEPT_CAPTION": "Standard",
            "CONCEPT_CLASS_ID": "Procedure",
            "INVALID_REASON": "V"
          },
          "includeMapped": false,
          "includeDescendants": true
        },
        {
          "isExcluded": false,
          "concept": {
            "INVALID_REASON_CAPTION": "Valid",
            "CONCEPT_ID": 4199580,
            "STANDARD_CONCEPT": "S",
            "CONCEPT_CODE": "52536006",
            "VOCABULARY_ID": "SNOMED",
            "CONCEPT_NAME": "Mediastinal tracheostomy",
            "DOMAIN_ID": "Procedure",
            "STANDARD_CONCEPT_CAPTION": "Standard",
            "CONCEPT_CLASS_ID": "Procedure",
            "INVALID_REASON": "V"
          },
          "includeMapped": false,
          "includeDescendants": true
        },
        {
          "isExcluded": false,
          "concept": {
            "INVALID_REASON_CAPTION": "Valid",
            "CONCEPT_ID": 4195473,
            "STANDARD_CONCEPT": "S",
            "CONCEPT_CODE": "43988005",
            "VOCABULARY_ID": "SNOMED",
            "CONCEPT_NAME": "Temporary tracheostomy",
            "DOMAIN_ID": "Procedure",
            "STANDARD_CONCEPT_CAPTION": "Standard",
            "CONCEPT_CLASS_ID": "Procedure",
            "INVALID_REASON": "V"
          },
          "includeMapped": false,
          "includeDescendants": true
        },
        {
          "isExcluded": false,
          "concept": {
            "INVALID_REASON_CAPTION": "Valid",
            "CONCEPT_ID": 4065590,
            "STANDARD_CONCEPT": "S",
            "CONCEPT_CODE": "21619009",
            "VOCABULARY_ID": "SNOMED",
            "CONCEPT_NAME": "Permanent tracheostomy",
            "DOMAIN_ID": "Procedure",
            "STANDARD_CONCEPT_CAPTION": "Standard",
            "CONCEPT_CLASS_ID": "Procedure",
            "INVALID_REASON": "V"
          },
          "includeMapped": false,
          "includeDescendants": true
        },
        {
          "isExcluded": false,
          "concept": {
            "INVALID_REASON_CAPTION": "Valid",
            "CONCEPT_ID": 4143728,
            "STANDARD_CONCEPT": "S",
            "CONCEPT_CODE": "307007002",
            "VOCABULARY_ID": "SNOMED",
            "CONCEPT_NAME": "Percutaneous tracheostomy",
            "DOMAIN_ID": "Procedure",
            "STANDARD_CONCEPT_CAPTION": "Standard",
            "CONCEPT_CLASS_ID": "Procedure",
            "INVALID_REASON": "V"
          },
          "includeMapped": false,
          "includeDescendants": true
        },
        {
          "isExcluded": false,
          "concept": {
            "INVALID_REASON_CAPTION": "Valid",
            "CONCEPT_ID": 4068680,
            "STANDARD_CONCEPT": "S",
            "CONCEPT_CODE": "173067007",
            "VOCABULARY_ID": "SNOMED",
            "CONCEPT_NAME": "Cricothyroidotomy",
            "DOMAIN_ID": "Procedure",
            "STANDARD_CONCEPT_CAPTION": "Standard",
            "CONCEPT_CLASS_ID": "Procedure",
            "INVALID_REASON": "V"
          },
          "includeMapped": false,
          "includeDescendants": true
        },
        {
          "isExcluded": false,
          "concept": {
            "INVALID_REASON_CAPTION": "Valid",
            "CONCEPT_ID": 4335586,
            "STANDARD_CONCEPT": "S",
            "CONCEPT_CODE": "232692007",
            "VOCABULARY_ID": "SNOMED",
            "CONCEPT_NAME": "Open cricothyroidotomy",
            "DOMAIN_ID": "Procedure",
            "STANDARD_CONCEPT_CAPTION": "Standard",
            "CONCEPT_CLASS_ID": "Procedure",
            "INVALID_REASON": "V"
          },
          "includeMapped": false,
          "includeDescendants": true
        },
        {
          "isExcluded": false,
          "concept": {
            "INVALID_REASON_CAPTION": "Valid",
            "CONCEPT_ID": 37205949,
            "STANDARD_CONCEPT": "S",
            "CONCEPT_CODE": "785905003",
            "VOCABULARY_ID": "SNOMED",
            "CONCEPT_NAME": "Cannula cricothyroidotomy",
            "DOMAIN_ID": "Procedure",
            "STANDARD_CONCEPT_CAPTION": "Standard",
            "CONCEPT_CLASS_ID": "Procedure",
            "INVALID_REASON": "V"
          },
          "includeMapped": false,
          "includeDescendants": true
        }
      ]},
      "name": "[JWP] tracheostomy",
      "id": 11
    },
    {
      "expression": {"items": [
        {
          "isExcluded": false,
          "concept": {
            "INVALID_REASON_CAPTION": "Valid",
            "CONCEPT_ID": 9201,
            "STANDARD_CONCEPT": "S",
            "CONCEPT_CODE": "IP",
            "VOCABULARY_ID": "Visit",
            "CONCEPT_NAME": "Inpatient Visit",
            "DOMAIN_ID": "Visit",
            "STANDARD_CONCEPT_CAPTION": "Standard",
            "CONCEPT_CLASS_ID": "Visit",
            "INVALID_REASON": "V"
          },
          "includeMapped": false,
          "includeDescendants": true
        },
        {
          "isExcluded": false,
          "concept": {
            "INVALID_REASON_CAPTION": "Valid",
            "CONCEPT_ID": 262,
            "STANDARD_CONCEPT": "S",
            "CONCEPT_CODE": "ERIP",
            "VOCABULARY_ID": "Visit",
            "CONCEPT_NAME": "Emergency Room and Inpatient Visit",
            "DOMAIN_ID": "Visit",
            "STANDARD_CONCEPT_CAPTION": "Standard",
            "CONCEPT_CLASS_ID": "Visit",
            "INVALID_REASON": "V"
          },
          "includeMapped": false,
          "includeDescendants": true
        }
      ]},
      "name": "[JWP] inpatient visit",
      "id": 12
    },
    {
      "expression": {"items": [
        {
          "isExcluded": false,
          "concept": {
            "INVALID_REASON_CAPTION": "Valid",
            "CONCEPT_ID": 4100065,
            "STANDARD_CONCEPT": "S",
            "CONCEPT_CODE": "27619001",
            "VOCABULARY_ID": "SNOMED",
            "CONCEPT_NAME": "Disease due to Coronaviridae",
            "DOMAIN_ID": "Condition",
            "STANDARD_CONCEPT_CAPTION": "Standard",
            "CONCEPT_CLASS_ID": "Clinical Finding",
            "INVALID_REASON": "V"
          },
          "includeMapped": false,
          "includeDescendants": true
        },
        {
          "isExcluded": false,
          "concept": {
            "INVALID_REASON_CAPTION": "Valid",
            "CONCEPT_ID": 37311061,
            "STANDARD_CONCEPT": "S",
            "CONCEPT_CODE": "840539006",
            "VOCABULARY_ID": "SNOMED",
            "CONCEPT_NAME": "COVID-19",
            "DOMAIN_ID": "Condition",
            "STANDARD_CONCEPT_CAPTION": "Standard",
            "CONCEPT_CLASS_ID": "Clinical Finding",
            "INVALID_REASON": "V"
          },
          "includeMapped": false,
          "includeDescendants": false
        },
        {
          "isExcluded": false,
          "concept": {
            "INVALID_REASON_CAPTION": "Valid",
            "CONCEPT_ID": 439676,
            "STANDARD_CONCEPT": "S",
            "CONCEPT_CODE": "186747009",
            "VOCABULARY_ID": "SNOMED",
            "CONCEPT_NAME": "Coronavirus infection",
            "DOMAIN_ID": "Condition",
            "STANDARD_CONCEPT_CAPTION": "Standard",
            "CONCEPT_CLASS_ID": "Clinical Finding",
            "INVALID_REASON": "V"
          },
          "includeMapped": false,
          "includeDescendants": true
        },
        {
          "isExcluded": false,
          "concept": {
            "INVALID_REASON_CAPTION": "Valid",
            "CONCEPT_ID": 704996,
            "STANDARD_CONCEPT": "S",
            "CONCEPT_CODE": "OMOP4912978",
            "VOCABULARY_ID": "OMOP Extension",
            "CONCEPT_NAME": "Patient meets COVID-19 laboratory diagnostic criteria",
            "DOMAIN_ID": "Observation",
            "STANDARD_CONCEPT_CAPTION": "Standard",
            "CONCEPT_CLASS_ID": "Clinical Finding",
            "INVALID_REASON": "V"
          },
          "includeMapped": false,
          "includeDescendants": false
        }
      ]},
      "name": "[JWP] COVID 19",
      "id": 13
    },
    {
      "expression": {"items": [{
        "isExcluded": false,
        "concept": {
          "INVALID_REASON_CAPTION": "Valid",
          "CONCEPT_ID": 4052536,
          "STANDARD_CONCEPT": "S",
          "CONCEPT_CODE": "233573008",
          "VOCABULARY_ID": "SNOMED",
          "CONCEPT_NAME": "Extracorporeal membrane oxygenation",
          "DOMAIN_ID": "Procedure",
          "STANDARD_CONCEPT_CAPTION": "Standard",
          "CONCEPT_CLASS_ID": "Procedure",
          "INVALID_REASON": "V"
        },
        "includeMapped": false,
        "includeDescendants": true
      }]},
      "name": "[JWP] ECMO procedure",
      "id": 14
    },
    {
      "expression": {"items": [
        {
          "isExcluded": false,
          "concept": {
            "INVALID_REASON_CAPTION": "Valid",
            "CONCEPT_ID": 42527121,
            "STANDARD_CONCEPT": "S",
            "CONCEPT_CODE": "76009-0",
            "VOCABULARY_ID": "LOINC",
            "CONCEPT_NAME": "Inspired minute Volume during Mechanical ventilation",
            "DOMAIN_ID": "Measurement",
            "STANDARD_CONCEPT_CAPTION": "Standard",
            "CONCEPT_CLASS_ID": "Clinical Observation",
            "INVALID_REASON": "V"
          },
          "includeMapped": false,
          "includeDescendants": true
        },
        {
          "isExcluded": false,
          "concept": {
            "INVALID_REASON_CAPTION": "Valid",
            "CONCEPT_ID": 3004921,
            "STANDARD_CONCEPT": "S",
            "CONCEPT_CODE": "20124-4",
            "VOCABULARY_ID": "LOINC",
            "CONCEPT_NAME": "Ventilation mode Ventilator",
            "DOMAIN_ID": "Measurement",
            "STANDARD_CONCEPT_CAPTION": "Standard",
            "CONCEPT_CLASS_ID": "Clinical Observation",
            "INVALID_REASON": "V"
          },
          "includeMapped": false,
          "includeDescendants": true
        },
        {
          "isExcluded": false,
          "concept": {
            "INVALID_REASON_CAPTION": "Valid",
            "CONCEPT_ID": 4027549,
            "STANDARD_CONCEPT": "S",
            "CONCEPT_CODE": "128258000",
            "VOCABULARY_ID": "SNOMED",
            "CONCEPT_NAME": "Ventilation finding",
            "DOMAIN_ID": "Condition",
            "STANDARD_CONCEPT_CAPTION": "Standard",
            "CONCEPT_CLASS_ID": "Clinical Finding",
            "INVALID_REASON": "V"
          },
          "includeMapped": false,
          "includeDescendants": true
        },
        {
          "isExcluded": false,
          "concept": {
            "INVALID_REASON_CAPTION": "Valid",
            "CONCEPT_ID": 3046315,
            "STANDARD_CONCEPT": "S",
            "CONCEPT_CODE": "33443-3",
            "VOCABULARY_ID": "LOINC",
            "CONCEPT_NAME": "Type of Intubation tube",
            "DOMAIN_ID": "Measurement",
            "STANDARD_CONCEPT_CAPTION": "Standard",
            "CONCEPT_CLASS_ID": "Clinical Observation",
            "INVALID_REASON": "V"
          },
          "includeMapped": false,
          "includeDescendants": true
        },
        {
          "isExcluded": false,
          "concept": {
            "INVALID_REASON_CAPTION": "Valid",
            "CONCEPT_ID": 3046004,
            "STANDARD_CONCEPT": "S",
            "CONCEPT_CODE": "33444-1",
            "VOCABULARY_ID": "LOINC",
            "CONCEPT_NAME": "Intubation tube depth Respiratory system",
            "DOMAIN_ID": "Measurement",
            "STANDARD_CONCEPT_CAPTION": "Standard",
            "CONCEPT_CLASS_ID": "Clinical Observation",
            "INVALID_REASON": "V"
          },
          "includeMapped": false,
          "includeDescendants": true
        },
        {
          "isExcluded": false,
          "concept": {
            "INVALID_REASON_CAPTION": "Valid",
            "CONCEPT_ID": 3028878,
            "STANDARD_CONCEPT": "S",
            "CONCEPT_CODE": "33445-8",
            "VOCABULARY_ID": "LOINC",
            "CONCEPT_NAME": "Tube cuff pressure Intubation tube",
            "DOMAIN_ID": "Measurement",
            "STANDARD_CONCEPT_CAPTION": "Standard",
            "CONCEPT_CLASS_ID": "Clinical Observation",
            "INVALID_REASON": "V"
          },
          "includeMapped": false,
          "includeDescendants": true
        },
        {
          "isExcluded": false,
          "concept": {
            "INVALID_REASON_CAPTION": "Valid",
            "CONCEPT_ID": 4202832,
            "STANDARD_CONCEPT": "S",
            "CONCEPT_CODE": "52765003",
            "VOCABULARY_ID": "SNOMED",
            "CONCEPT_NAME": "Intubation",
            "DOMAIN_ID": "Procedure",
            "STANDARD_CONCEPT_CAPTION": "Standard",
            "CONCEPT_CLASS_ID": "Procedure",
            "INVALID_REASON": "V"
          },
          "includeMapped": false,
          "includeDescendants": true
        },
        {
          "isExcluded": false,
          "concept": {
            "INVALID_REASON_CAPTION": "Valid",
            "CONCEPT_ID": 4013354,
            "STANDARD_CONCEPT": "S",
            "CONCEPT_CODE": "112798008",
            "VOCABULARY_ID": "SNOMED",
            "CONCEPT_NAME": "Insertion of endotracheal tube",
            "DOMAIN_ID": "Procedure",
            "STANDARD_CONCEPT_CAPTION": "Standard",
            "CONCEPT_CLASS_ID": "Procedure",
            "INVALID_REASON": "V"
          },
          "includeMapped": false,
          "includeDescendants": true
        },
        {
          "isExcluded": false,
          "concept": {
            "INVALID_REASON_CAPTION": "Valid",
            "CONCEPT_ID": 4145647,
            "STANDARD_CONCEPT": "S",
            "CONCEPT_CODE": "266700009",
            "VOCABULARY_ID": "SNOMED",
            "CONCEPT_NAME": "Assisted breathing",
            "DOMAIN_ID": "Procedure",
            "STANDARD_CONCEPT_CAPTION": "Standard",
            "CONCEPT_CLASS_ID": "Procedure",
            "INVALID_REASON": "V"
          },
          "includeMapped": false,
          "includeDescendants": true
        },
        {
          "isExcluded": false,
          "concept": {
            "INVALID_REASON_CAPTION": "Valid",
            "CONCEPT_ID": 4230167,
            "STANDARD_CONCEPT": "S",
            "CONCEPT_CODE": "40617009",
            "VOCABULARY_ID": "SNOMED",
            "CONCEPT_NAME": "Artificial respiration",
            "DOMAIN_ID": "Procedure",
            "STANDARD_CONCEPT_CAPTION": "Standard",
            "CONCEPT_CLASS_ID": "Procedure",
            "INVALID_REASON": "V"
          },
          "includeMapped": false,
          "includeDescendants": true
        },
        {
          "isExcluded": false,
          "concept": {
            "INVALID_REASON_CAPTION": "Valid",
            "CONCEPT_ID": 4074666,
            "STANDARD_CONCEPT": "S",
            "CONCEPT_CODE": "243155002",
            "VOCABULARY_ID": "SNOMED",
            "CONCEPT_NAME": "High frequency oscillatory ventilation",
            "DOMAIN_ID": "Procedure",
            "STANDARD_CONCEPT_CAPTION": "Standard",
            "CONCEPT_CLASS_ID": "Procedure",
            "INVALID_REASON": "V"
          },
          "includeMapped": false,
          "includeDescendants": true
        }
      ]},
      "name": "[JWP] Mechanical ventilation_new",
      "id": 15
    }
  ],
  "cdmVersionRange": ">=5.0.0",
  "CensoringCriteria": [],
  "AdditionalCriteria": {
    "CriteriaList": [],
    "Type": "ANY",
    "DemographicCriteriaList": [],
    "Groups": [],
    "Count": null
  },
  "QualifiedLimit": {"Type": "All"},
  "InclusionRules": [],
  "PrimaryCriteria": {
    "CriteriaList": [
      {"ProcedureOccurrence": {
        "ProcedureType": null,
        "CorrelatedCriteria": null,
        "CodesetId": 11,
        "ProcedureSourceConcept": null,
        "Quantity": null,
        "ProviderSpecialty": null,
        "Gender": null,
        "ProcedureTypeExclude": false,
        "VisitType": null,
        "First": null,
        "OccurrenceStartDate": null,
        "Modifier": null,
        "Age": null
      }},
      {"ProcedureOccurrence": {
        "ProcedureType": null,
        "CorrelatedCriteria": null,
        "CodesetId": 14,
        "ProcedureSourceConcept": null,
        "Quantity": null,
        "ProviderSpecialty": null,
        "Gender": null,
        "ProcedureTypeExclude": false,
        "VisitType": null,
        "First": null,
        "OccurrenceStartDate": null,
        "Modifier": null,
        "Age": null
      }},
      {"ProcedureOccurrence": {
        "ProcedureType": null,
        "CorrelatedCriteria": null,
        "CodesetId": 15,
        "ProcedureSourceConcept": null,
        "Quantity": null,
        "ProviderSpecialty": null,
        "Gender": null,
        "ProcedureTypeExclude": false,
        "VisitType": null,
        "First": null,
        "OccurrenceStartDate": null,
        "Modifier": null,
        "Age": null
      }},
      {"Measurement": {
        "Operator": null,
        "RangeHigh": null,
        "MeasurementTypeExclude": false,
        "ValueAsConcept": null,
        "CorrelatedCriteria": null,
        "RangeHighRatio": null,
        "CodesetId": 15,
        "ProviderSpecialty": null,
        "Gender": null,
        "Unit": null,
        "RangeLowRatio": null,
        "MeasurementType": null,
        "MeasurementSourceConcept": null,
        "VisitType": null,
        "ValueAsNumber": null,
        "First": null,
        "OccurrenceStartDate": null,
        "RangeLow": null,
        "Abnormal": null,
        "Age": null
      }}
    ],
    "PrimaryCriteriaLimit": {"Type": "All"},
    "ObservationWindow": {
      "PostDays": 0,
      "PriorDays": 0
    }
  }
}