targetId,comparatorId,outcomeId,outcomeName,type
635,636,134118,Atrophic condition of skin,outcome
635,636,381581,Chalazion,outcome
635,636,133228,Dental caries,outcome
635,636,139099,Ingrowing nail,outcome
635,636,444130,Injury of foot,outcome
635,636,134222,Injury of forearm,outcome
635,636,42537251,Polyp of nasal cavity and/or nasal sinus,outcome
635,636,4285898,Polyp of colon,outcome
635,636,133141,Tinea pedis,outcome
635,636,195562,Hemorrhoids,outcome
635,636,4134318,Fractured nasal bones,outcome
635,636,193522,Acute prostatitis,outcome
635,636,4293479,Burn of head AND/OR neck,outcome
635,636,201618,Disorder of intestine,outcome
635,636,196738,Disorder of male genital organ,outcome
635,636,432612,Mild intellectual disability,outcome
635,636,436675,Anorexia nervosa,outcome
635,636,379019,Conjunctivitis,outcome
635,636,374366,Sensorineural hearing loss,outcome
635,636,4288544,Inguinal hernia,outcome
635,636,435784,Somatoform disorder,outcome
635,636,141095,Acne,outcome
635,636,74855,Genital herpes simplex,outcome
635,636,436665,Bipolar disorder,outcome
635,636,197672,Urinary incontinence,outcome
