atlasId,atlasName,cohortId,name
713,[JWP] cohort1 target: gout cohort,713,JWP_cohort1_target_gout_cohort
714,[JWP] cohort1 comparator: non-gout cohort,714,JWP_cohort1_comparator_nongout_cohort
654,[JWP] cohort1 outcome: COVID-19 infection,654,JWP_cohort1_outcome_COVID19_infection
663,[JWP] cohort1 outcome: COVID-19 hospitalization,663,JWP_cohort1_outcome_COVID19_hospitalization
715,[JWP] cohort1 outcome: severe COVID19 infection,715,JWP_cohort1_outcome_severe_COVID19_infection
716,[JWP] cohort1 outcome: death due to covid19,716,JWP_cohort1_outcome_death_due_to_covid19
