targetId,comparatorId,outcomeId,outcomeName,type
736,733,134118,Atrophic condition of skin,outcome
736,733,381581,Chalazion,outcome
736,733,133228,Dental caries,outcome
736,733,139099,Ingrowing nail,outcome
736,733,444130,Injury of foot,outcome
736,733,134222,Injury of forearm,outcome
736,733,42537251,Polyp of nasal cavity and/or nasal sinus,outcome
736,733,4285898,Polyp of colon,outcome
736,733,133141,Tinea pedis,outcome
736,733,195562,Hemorrhoids,outcome
736,733,4134318,Fractured nasal bones,outcome
736,733,193522,Acute prostatitis,outcome
736,733,4293479,Burn of head AND/OR neck,outcome
736,733,201618,Disorder of intestine,outcome
736,733,196738,Disorder of male genital organ,outcome
736,733,432612,Mild intellectual disability,outcome
736,733,436675,Anorexia nervosa,outcome
736,733,379019,Conjunctivitis,outcome
736,733,374366,Sensorineural hearing loss,outcome
736,733,4288544,Inguinal hernia,outcome
736,733,435784,Somatoform disorder,outcome
736,733,141095,Acne,outcome
736,733,74855,Genital herpes simplex,outcome
736,733,436665,Bipolar disorder,outcome
736,733,197672,Urinary incontinence,outcome
