{
  "ExpressionLimit": {"Type": "First"},
  "CollapseSettings": {
    "CollapseType": "ERA",
    "EraPad": 0
  },
  "CensorWindow": {
    "StartDate": null,
    "EndDate": null
  },
  "ConceptSets": [{
    "expression": {"items": [
      {
        "isExcluded": false,
        "concept": {
          "INVALID_REASON_CAPTION": "Valid",
          "CONCEPT_ID": 4100065,
          "STANDARD_CONCEPT": "S",
          "CONCEPT_CODE": "27619001",
          "VOCABULARY_ID": "SNOMED",
          "CONCEPT_NAME": "Disease due to Coronaviridae",
          "DOMAIN_ID": "Condition",
          "STANDARD_CONCEPT_CAPTION": "Standard",
          "CONCEPT_CLASS_ID": "Clinical Finding",
          "INVALID_REASON": "V"
        },
        "includeMapped": false,
        "includeDescendants": true
      },
      {
        "isExcluded": false,
        "concept": {
          "INVALID_REASON_CAPTION": "Valid",
          "CONCEPT_ID": 37311061,
          "STANDARD_CONCEPT": "S",
          "CONCEPT_CODE": "840539006",
          "VOCABULARY_ID": "SNOMED",
          "CONCEPT_NAME": "COVID-19",
          "DOMAIN_ID": "Condition",
          "STANDARD_CONCEPT_CAPTION": "Standard",
          "CONCEPT_CLASS_ID": "Clinical Finding",
          "INVALID_REASON": "V"
        },
        "includeMapped": false,
        "includeDescendants": false
      },
      {
        "isExcluded": false,
        "concept": {
          "INVALID_REASON_CAPTION": "Valid",
          "CONCEPT_ID": 439676,
          "STANDARD_CONCEPT": "S",
          "CONCEPT_CODE": "186747009",
          "VOCABULARY_ID": "SNOMED",
          "CONCEPT_NAME": "Coronavirus infection",
          "DOMAIN_ID": "Condition",
          "STANDARD_CONCEPT_CAPTION": "Standard",
          "CONCEPT_CLASS_ID": "Clinical Finding",
          "INVALID_REASON": "V"
        },
        "includeMapped": false,
        "includeDescendants": true
      },
      {
        "isExcluded": false,
        "concept": {
          "INVALID_REASON_CAPTION": "Valid",
          "CONCEPT_ID": 704996,
          "STANDARD_CONCEPT": "S",
          "CONCEPT_CODE": "OMOP4912978",
          "VOCABULARY_ID": "OMOP Extension",
          "CONCEPT_NAME": "Patient meets COVID-19 laboratory diagnostic criteria",
          "DOMAIN_ID": "Observation",
          "STANDARD_CONCEPT_CAPTION": "Standard",
          "CONCEPT_CLASS_ID": "Clinical Finding",
          "INVALID_REASON": "V"
        },
        "includeMapped": false,
        "includeDescendants": false
      }
    ]},
    "name": "[JWP] COVID 19",
    "id": 0
  }],
  "cdmVersionRange": ">=5.0.0",
  "CensoringCriteria": [],
  "AdditionalCriteria": {
    "CriteriaList": [],
    "Type": "ANY",
    "DemographicCriteriaList": [],
    "Groups": [],
    "Count": null
  },
  "QualifiedLimit": {"Type": "First"},
  "InclusionRules": [],
  "PrimaryCriteria": {
    "CriteriaList": [{"Death": {
      "CorrelatedCriteria": null,
      "CodesetId": null,
      "DeathSourceConcept": null,
      "DeathTypeExclude": false,
      "DeathType": null,
      "OccurrenceStartDate": null,
      "Gender": null,
      "Age": null
    }}],
    "PrimaryCriteriaLimit": {"Type": "First"},
    "ObservationWindow": {
      "PostDays": 0,
      "PriorDays": 0
    }
  }
}