{
  "ExpressionLimit": {"Type": "First"},
  "CollapseSettings": {
    "CollapseType": "ERA",
    "EraPad": 0
  },
  "CensorWindow": {
    "StartDate": null,
    "EndDate": null
  },
  "ConceptSets": [
    {
      "expression": {"items": [
        {
          "isExcluded": false,
          "concept": {
            "INVALID_REASON_CAPTION": "Valid",
            "CONCEPT_ID": 257004,
            "STANDARD_CONCEPT": "S",
            "CONCEPT_CODE": "195951007",
            "VOCABULARY_ID": "SNOMED",
            "CONCEPT_NAME": "Acute exacerbation of chronic obstructive airways disease",
            "DOMAIN_ID": "Condition",
            "STANDARD_CONCEPT_CAPTION": "Standard",
            "CONCEPT_CLASS_ID": "Clinical Finding",
            "INVALID_REASON": "V"
          },
          "includeMapped": false,
          "includeDescendants": false
        },
        {
          "isExcluded": false,
          "concept": {
            "INVALID_REASON_CAPTION": "Valid",
            "CONCEPT_ID": 4115044,
            "STANDARD_CONCEPT": "S",
            "CONCEPT_CODE": "285381006",
            "VOCABULARY_ID": "SNOMED",
            "CONCEPT_NAME": "Acute infective exacerbation of chronic obstructive airways disease",
            "DOMAIN_ID": "Condition",
            "STANDARD_CONCEPT_CAPTION": "Standard",
            "CONCEPT_CLASS_ID": "Clinical Finding",
            "INVALID_REASON": "V"
          },
          "includeMapped": false,
          "includeDescendants": false
        },
        {
          "isExcluded": false,
          "concept": {
            "INVALID_REASON_CAPTION": "Valid",
            "CONCEPT_ID": 3379105,
            "STANDARD_CONCEPT": "N",
            "CONCEPT_CODE": "13645005",
            "VOCABULARY_ID": "Nebraska Lexicon",
            "CONCEPT_NAME": "Chronic irreversible airway obstruction",
            "DOMAIN_ID": "Condition",
            "STANDARD_CONCEPT_CAPTION": "Non-Standard",
            "CONCEPT_CLASS_ID": "Clinical Finding",
            "INVALID_REASON": "V"
          },
          "includeMapped": false,
          "includeDescendants": false
        },
        {
          "isExcluded": false,
          "concept": {
            "INVALID_REASON_CAPTION": "Valid",
            "CONCEPT_ID": 255573,
            "STANDARD_CONCEPT": "S",
            "CONCEPT_CODE": "13645005",
            "VOCABULARY_ID": "SNOMED",
            "CONCEPT_NAME": "Chronic obstructive lung disease",
            "DOMAIN_ID": "Condition",
            "STANDARD_CONCEPT_CAPTION": "Standard",
            "CONCEPT_CLASS_ID": "Clinical Finding",
            "INVALID_REASON": "V"
          },
          "includeMapped": false,
          "includeDescendants": false
        },
        {
          "isExcluded": false,
          "concept": {
            "INVALID_REASON_CAPTION": "Valid",
            "CONCEPT_ID": 259043,
            "STANDARD_CONCEPT": "S",
            "CONCEPT_CODE": "57686001",
            "VOCABULARY_ID": "SNOMED",
            "CONCEPT_NAME": "Emphysematous bleb of lung",
            "DOMAIN_ID": "Condition",
            "STANDARD_CONCEPT_CAPTION": "Standard",
            "CONCEPT_CLASS_ID": "Clinical Finding",
            "INVALID_REASON": "V"
          },
          "includeMapped": false,
          "includeDescendants": false
        },
        {
          "isExcluded": false,
          "concept": {
            "INVALID_REASON_CAPTION": "Valid",
            "CONCEPT_ID": 261325,
            "STANDARD_CONCEPT": "S",
            "CONCEPT_CODE": "87433001",
            "VOCABULARY_ID": "SNOMED",
            "CONCEPT_NAME": "Pulmonary emphysema",
            "DOMAIN_ID": "Condition",
            "STANDARD_CONCEPT_CAPTION": "Standard",
            "CONCEPT_CLASS_ID": "Clinical Finding",
            "INVALID_REASON": "V"
          },
          "includeMapped": false,
          "includeDescendants": false
        },
        {
          "isExcluded": false,
          "concept": {
            "INVALID_REASON_CAPTION": "Valid",
            "CONCEPT_ID": 2106191,
            "STANDARD_CONCEPT": "S",
            "CONCEPT_CODE": "3025F",
            "VOCABULARY_ID": "CPT4",
            "CONCEPT_NAME": "Spirometry test results demonstrate FEV1/FVC less than 70% with COPD symptoms (eg, dyspnea, cough/sputum, wheezing) (CAP, COPD)",
            "DOMAIN_ID": "Observation",
            "STANDARD_CONCEPT_CAPTION": "Standard",
            "CONCEPT_CLASS_ID": "CPT4",
            "INVALID_REASON": "V"
          },
          "includeMapped": false,
          "includeDescendants": false
        }
      ]},
      "name": "[HYL] COPD",
      "id": 0
    },
    {
      "expression": {"items": [{
        "isExcluded": false,
        "concept": {
          "INVALID_REASON_CAPTION": "Valid",
          "CONCEPT_ID": 9202,
          "STANDARD_CONCEPT": "S",
          "CONCEPT_CODE": "OP",
          "VOCABULARY_ID": "Visit",
          "CONCEPT_NAME": "Outpatient Visit",
          "DOMAIN_ID": "Visit",
          "STANDARD_CONCEPT_CAPTION": "Standard",
          "CONCEPT_CLASS_ID": "Visit",
          "INVALID_REASON": "V"
        },
        "includeMapped": false,
        "includeDescendants": false
      }]},
      "name": "Outpatient",
      "id": 1
    },
    {
      "expression": {"items": [
        {
          "isExcluded": false,
          "concept": {
            "INVALID_REASON_CAPTION": "Valid",
            "CONCEPT_ID": 21077828,
            "STANDARD_CONCEPT": "S",
            "CONCEPT_CODE": "OMOP302851",
            "VOCABULARY_ID": "RxNorm Extension",
            "CONCEPT_NAME": "2 ML fluticasone 1 MG/ML Inhalant Solution",
            "DOMAIN_ID": "Drug",
            "STANDARD_CONCEPT_CAPTION": "Standard",
            "CONCEPT_CLASS_ID": "Quant Clinical Drug",
            "INVALID_REASON": "V"
          },
          "includeMapped": false,
          "includeDescendants": false
        },
        {
          "isExcluded": false,
          "concept": {
            "INVALID_REASON_CAPTION": "Valid",
            "CONCEPT_ID": 21126710,
            "STANDARD_CONCEPT": "S",
            "CONCEPT_CODE": "OMOP302775",
            "VOCABULARY_ID": "RxNorm Extension",
            "CONCEPT_NAME": "2 ML Ipratropium 0.25 MG/ML Inhalant Solution",
            "DOMAIN_ID": "Drug",
            "STANDARD_CONCEPT_CAPTION": "Standard",
            "CONCEPT_CLASS_ID": "Quant Clinical Drug",
            "INVALID_REASON": "V"
          },
          "includeMapped": false,
          "includeDescendants": false
        },
        {
          "isExcluded": false,
          "concept": {
            "INVALID_REASON_CAPTION": "Valid",
            "CONCEPT_ID": 42873639,
            "STANDARD_CONCEPT": "S",
            "CONCEPT_CODE": "1303098",
            "VOCABULARY_ID": "RxNorm",
            "CONCEPT_NAME": "aclidinium",
            "DOMAIN_ID": "Drug",
            "STANDARD_CONCEPT_CAPTION": "Standard",
            "CONCEPT_CLASS_ID": "Ingredient",
            "INVALID_REASON": "V"
          },
          "includeMapped": false,
          "includeDescendants": false
        },
        {
          "isExcluded": false,
          "concept": {
            "INVALID_REASON_CAPTION": "Valid",
            "CONCEPT_ID": 1154343,
            "STANDARD_CONCEPT": "S",
            "CONCEPT_CODE": "435",
            "VOCABULARY_ID": "RxNorm",
            "CONCEPT_NAME": "albuterol",
            "DOMAIN_ID": "Drug",
            "STANDARD_CONCEPT_CAPTION": "Standard",
            "CONCEPT_CLASS_ID": "Ingredient",
            "INVALID_REASON": "V"
          },
          "includeMapped": false,
          "includeDescendants": false
        },
        {
          "isExcluded": false,
          "concept": {
            "INVALID_REASON_CAPTION": "Valid",
            "CONCEPT_ID": 1105775,
            "STANDARD_CONCEPT": "S",
            "CONCEPT_CODE": "689",
            "VOCABULARY_ID": "RxNorm",
            "CONCEPT_NAME": "aminophylline",
            "DOMAIN_ID": "Drug",
            "STANDARD_CONCEPT_CAPTION": "Standard",
            "CONCEPT_CLASS_ID": "Ingredient",
            "INVALID_REASON": "V"
          },
          "includeMapped": false,
          "includeDescendants": false
        },
        {
          "isExcluded": false,
          "concept": {
            "INVALID_REASON_CAPTION": "Valid",
            "CONCEPT_ID": 1105837,
            "STANDARD_CONCEPT": "S",
            "CONCEPT_CODE": "313794",
            "VOCABULARY_ID": "RxNorm",
            "CONCEPT_NAME": "aminophylline 100 MG Oral Tablet",
            "DOMAIN_ID": "Drug",
            "STANDARD_CONCEPT_CAPTION": "Standard",
            "CONCEPT_CLASS_ID": "Clinical Drug",
            "INVALID_REASON": "V"
          },
          "includeMapped": false,
          "includeDescendants": false
        },
        {
          "isExcluded": false,
          "concept": {
            "INVALID_REASON_CAPTION": "Valid",
            "CONCEPT_ID": 19073058,
            "STANDARD_CONCEPT": "S",
            "CONCEPT_CODE": "308114",
            "VOCABULARY_ID": "RxNorm",
            "CONCEPT_NAME": "aminophylline 225 MG Extended Release Oral Tablet",
            "DOMAIN_ID": "Drug",
            "STANDARD_CONCEPT_CAPTION": "Standard",
            "CONCEPT_CLASS_ID": "Clinical Drug",
            "INVALID_REASON": "V"
          },
          "includeMapped": false,
          "includeDescendants": false
        },
        {
          "isExcluded": false,
          "concept": {
            "INVALID_REASON_CAPTION": "Valid",
            "CONCEPT_ID": 21603333,
            "STANDARD_CONCEPT": "C",
            "CONCEPT_CODE": "R03DA05",
            "VOCABULARY_ID": "ATC",
            "CONCEPT_NAME": "aminophylline; systemic, rectal",
            "DOMAIN_ID": "Drug",
            "STANDARD_CONCEPT_CAPTION": "Classification",
            "CONCEPT_CLASS_ID": "ATC 5th",
            "INVALID_REASON": "V"
          },
          "includeMapped": false,
          "includeDescendants": false
        },
        {
          "isExcluded": false,
          "concept": {
            "INVALID_REASON_CAPTION": "Valid",
            "CONCEPT_ID": 1115572,
            "STANDARD_CONCEPT": "S",
            "CONCEPT_CODE": "1347",
            "VOCABULARY_ID": "RxNorm",
            "CONCEPT_NAME": "beclomethasone",
            "DOMAIN_ID": "Drug",
            "STANDARD_CONCEPT_CAPTION": "Standard",
            "CONCEPT_CLASS_ID": "Ingredient",
            "INVALID_REASON": "V"
          },
          "includeMapped": false,
          "includeDescendants": false
        },
        {
          "isExcluded": false,
          "concept": {
            "INVALID_REASON_CAPTION": "Valid",
            "CONCEPT_ID": 939259,
            "STANDARD_CONCEPT": "S",
            "CONCEPT_CODE": "19831",
            "VOCABULARY_ID": "RxNorm",
            "CONCEPT_NAME": "budesonide",
            "DOMAIN_ID": "Drug",
            "STANDARD_CONCEPT_CAPTION": "Standard",
            "CONCEPT_CLASS_ID": "Ingredient",
            "INVALID_REASON": "V"
          },
          "includeMapped": false,
          "includeDescendants": false
        },
        {
          "isExcluded": false,
          "concept": {
            "INVALID_REASON_CAPTION": "Valid",
            "CONCEPT_ID": 44187640,
            "STANDARD_CONCEPT": "S",
            "CONCEPT_CODE": "OMOP3064363",
            "VOCABULARY_ID": "RxNorm Extension",
            "CONCEPT_NAME": "Budesonide 0.2 MG/ACTUAT Dry Powder Inhaler",
            "DOMAIN_ID": "Drug",
            "STANDARD_CONCEPT_CAPTION": "Standard",
            "CONCEPT_CLASS_ID": "Clinical Drug",
            "INVALID_REASON": "V"
          },
          "includeMapped": false,
          "includeDescendants": false
        },
        {
          "isExcluded": false,
          "concept": {
            "INVALID_REASON_CAPTION": "Valid",
            "CONCEPT_ID": 42958514,
            "STANDARD_CONCEPT": "S",
            "CONCEPT_CODE": "OMOP4685026",
            "VOCABULARY_ID": "RxNorm Extension",
            "CONCEPT_NAME": "Budesonide 0.32 MG/ACTUAT / formoterol 0.009 MG/ACTUAT Nasal Spray",
            "DOMAIN_ID": "Drug",
            "STANDARD_CONCEPT_CAPTION": "Standard",
            "CONCEPT_CLASS_ID": "Clinical Drug",
            "INVALID_REASON": "V"
          },
          "includeMapped": false,
          "includeDescendants": false
        },
        {
          "isExcluded": false,
          "concept": {
            "INVALID_REASON_CAPTION": "Valid",
            "CONCEPT_ID": 1518254,
            "STANDARD_CONCEPT": "S",
            "CONCEPT_CODE": "3264",
            "VOCABULARY_ID": "RxNorm",
            "CONCEPT_NAME": "dexamethasone",
            "DOMAIN_ID": "Drug",
            "STANDARD_CONCEPT_CAPTION": "Standard",
            "CONCEPT_CLASS_ID": "Ingredient",
            "INVALID_REASON": "V"
          },
          "includeMapped": false,
          "includeDescendants": false
        },
        {
          "isExcluded": false,
          "concept": {
            "INVALID_REASON_CAPTION": "Valid",
            "CONCEPT_ID": 1149380,
            "STANDARD_CONCEPT": "S",
            "CONCEPT_CODE": "41126",
            "VOCABULARY_ID": "RxNorm",
            "CONCEPT_NAME": "fluticasone",
            "DOMAIN_ID": "Drug",
            "STANDARD_CONCEPT_CAPTION": "Standard",
            "CONCEPT_CLASS_ID": "Ingredient",
            "INVALID_REASON": "V"
          },
          "includeMapped": false,
          "includeDescendants": false
        },
        {
          "isExcluded": false,
          "concept": {
            "INVALID_REASON_CAPTION": "Valid",
            "CONCEPT_ID": 42482222,
            "STANDARD_CONCEPT": "S",
            "CONCEPT_CODE": "OMOP417212",
            "VOCABULARY_ID": "RxNorm Extension",
            "CONCEPT_NAME": "fluticasone 0.05 MG/ACTUAT Inhalant Solution",
            "DOMAIN_ID": "Drug",
            "STANDARD_CONCEPT_CAPTION": "Standard",
            "CONCEPT_CLASS_ID": "Clinical Drug",
            "INVALID_REASON": "V"
          },
          "includeMapped": false,
          "includeDescendants": false
        },
        {
          "isExcluded": false,
          "concept": {
            "INVALID_REASON_CAPTION": "Valid",
            "CONCEPT_ID": 44045688,
            "STANDARD_CONCEPT": "S",
            "CONCEPT_CODE": "OMOP1040319",
            "VOCABULARY_ID": "RxNorm Extension",
            "CONCEPT_NAME": "fluticasone 0.05 MG/ACTUAT Metered Dose Inhaler",
            "DOMAIN_ID": "Drug",
            "STANDARD_CONCEPT_CAPTION": "Standard",
            "CONCEPT_CLASS_ID": "Clinical Drug",
            "INVALID_REASON": "V"
          },
          "includeMapped": false,
          "includeDescendants": false
        },
        {
          "isExcluded": false,
          "concept": {
            "INVALID_REASON_CAPTION": "Valid",
            "CONCEPT_ID": 42925088,
            "STANDARD_CONCEPT": "S",
            "CONCEPT_CODE": "OMOP4651919",
            "VOCABULARY_ID": "RxNorm Extension",
            "CONCEPT_NAME": "fluticasone 0.1 MG/ACTUAT Inhalant Powder",
            "DOMAIN_ID": "Drug",
            "STANDARD_CONCEPT_CAPTION": "Standard",
            "CONCEPT_CLASS_ID": "Clinical Drug",
            "INVALID_REASON": "V"
          },
          "includeMapped": false,
          "includeDescendants": false
        },
        {
          "isExcluded": false,
          "concept": {
            "INVALID_REASON_CAPTION": "Valid",
            "CONCEPT_ID": 36886791,
            "STANDARD_CONCEPT": "S",
            "CONCEPT_CODE": "OMOP996934",
            "VOCABULARY_ID": "RxNorm Extension",
            "CONCEPT_NAME": "fluticasone 0.25 MG/ACTUAT Inhalant Powder",
            "DOMAIN_ID": "Drug",
            "STANDARD_CONCEPT_CAPTION": "Standard",
            "CONCEPT_CLASS_ID": "Clinical Drug",
            "INVALID_REASON": "V"
          },
          "includeMapped": false,
          "includeDescendants": false
        },
        {
          "isExcluded": false,
          "concept": {
            "INVALID_REASON_CAPTION": "Valid",
            "CONCEPT_ID": 42480984,
            "STANDARD_CONCEPT": "S",
            "CONCEPT_CODE": "OMOP417210",
            "VOCABULARY_ID": "RxNorm Extension",
            "CONCEPT_NAME": "fluticasone 0.25 MG/ACTUAT Inhalant Solution",
            "DOMAIN_ID": "Drug",
            "STANDARD_CONCEPT_CAPTION": "Standard",
            "CONCEPT_CLASS_ID": "Clinical Drug",
            "INVALID_REASON": "V"
          },
          "includeMapped": false,
          "includeDescendants": false
        },
        {
          "isExcluded": false,
          "concept": {
            "INVALID_REASON_CAPTION": "Valid",
            "CONCEPT_ID": 1196677,
            "STANDARD_CONCEPT": "S",
            "CONCEPT_CODE": "25255",
            "VOCABULARY_ID": "RxNorm",
            "CONCEPT_NAME": "formoterol",
            "DOMAIN_ID": "Drug",
            "STANDARD_CONCEPT_CAPTION": "Standard",
            "CONCEPT_CLASS_ID": "Ingredient",
            "INVALID_REASON": "V"
          },
          "includeMapped": false,
          "includeDescendants": false
        },
        {
          "isExcluded": false,
          "concept": {
            "INVALID_REASON_CAPTION": "Valid",
            "CONCEPT_ID": 45775571,
            "STANDARD_CONCEPT": "S",
            "CONCEPT_CODE": "1546438",
            "VOCABULARY_ID": "RxNorm",
            "CONCEPT_NAME": "glycopyrronium",
            "DOMAIN_ID": "Drug",
            "STANDARD_CONCEPT_CAPTION": "Standard",
            "CONCEPT_CLASS_ID": "Ingredient",
            "INVALID_REASON": "V"
          },
          "includeMapped": false,
          "includeDescendants": false
        },
        {
          "isExcluded": false,
          "concept": {
            "INVALID_REASON_CAPTION": "Valid",
            "CONCEPT_ID": 40240664,
            "STANDARD_CONCEPT": "S",
            "CONCEPT_CODE": "1114326",
            "VOCABULARY_ID": "RxNorm",
            "CONCEPT_NAME": "indacaterol",
            "DOMAIN_ID": "Drug",
            "STANDARD_CONCEPT_CAPTION": "Standard",
            "CONCEPT_CLASS_ID": "Ingredient",
            "INVALID_REASON": "V"
          },
          "includeMapped": false,
          "includeDescendants": false
        },
        {
          "isExcluded": false,
          "concept": {
            "INVALID_REASON_CAPTION": "Valid",
            "CONCEPT_ID": 1112921,
            "STANDARD_CONCEPT": "S",
            "CONCEPT_CODE": "7213",
            "VOCABULARY_ID": "RxNorm",
            "CONCEPT_NAME": "ipratropium",
            "DOMAIN_ID": "Drug",
            "STANDARD_CONCEPT_CAPTION": "Standard",
            "CONCEPT_CLASS_ID": "Ingredient",
            "INVALID_REASON": "V"
          },
          "includeMapped": false,
          "includeDescendants": false
        },
        {
          "isExcluded": false,
          "concept": {
            "INVALID_REASON_CAPTION": "Valid",
            "CONCEPT_ID": 21603353,
            "STANDARD_CONCEPT": "C",
            "CONCEPT_CODE": "R03DC",
            "VOCABULARY_ID": "ATC",
            "CONCEPT_NAME": "Leukotriene receptor antagonists",
            "DOMAIN_ID": "Drug",
            "STANDARD_CONCEPT_CAPTION": "Classification",
            "CONCEPT_CLASS_ID": "ATC 4th",
            "INVALID_REASON": "V"
          },
          "includeMapped": false,
          "includeDescendants": false
        },
        {
          "isExcluded": false,
          "concept": {
            "INVALID_REASON_CAPTION": "Valid",
            "CONCEPT_ID": 1506270,
            "STANDARD_CONCEPT": "S",
            "CONCEPT_CODE": "6902",
            "VOCABULARY_ID": "RxNorm",
            "CONCEPT_NAME": "methylprednisolone",
            "DOMAIN_ID": "Drug",
            "STANDARD_CONCEPT_CAPTION": "Standard",
            "CONCEPT_CLASS_ID": "Ingredient",
            "INVALID_REASON": "V"
          },
          "includeMapped": false,
          "includeDescendants": false
        },
        {
          "isExcluded": false,
          "concept": {
            "INVALID_REASON_CAPTION": "Valid",
            "CONCEPT_ID": 905233,
            "STANDARD_CONCEPT": "S",
            "CONCEPT_CODE": "108118",
            "VOCABULARY_ID": "RxNorm",
            "CONCEPT_NAME": "mometasone",
            "DOMAIN_ID": "Drug",
            "STANDARD_CONCEPT_CAPTION": "Standard",
            "CONCEPT_CLASS_ID": "Ingredient",
            "INVALID_REASON": "V"
          },
          "includeMapped": false,
          "includeDescendants": false
        },
        {
          "isExcluded": false,
          "concept": {
            "INVALID_REASON_CAPTION": "Valid",
            "CONCEPT_ID": 1154161,
            "STANDARD_CONCEPT": "S",
            "CONCEPT_CODE": "88249",
            "VOCABULARY_ID": "RxNorm",
            "CONCEPT_NAME": "montelukast",
            "DOMAIN_ID": "Drug",
            "STANDARD_CONCEPT_CAPTION": "Standard",
            "CONCEPT_CLASS_ID": "Ingredient",
            "INVALID_REASON": "V"
          },
          "includeMapped": false,
          "includeDescendants": false
        },
        {
          "isExcluded": false,
          "concept": {
            "INVALID_REASON_CAPTION": "Valid",
            "CONCEPT_ID": 19023368,
            "STANDARD_CONCEPT": "S",
            "CONCEPT_CODE": "200224",
            "VOCABULARY_ID": "RxNorm",
            "CONCEPT_NAME": "montelukast 10 MG Oral Tablet",
            "DOMAIN_ID": "Drug",
            "STANDARD_CONCEPT_CAPTION": "Standard",
            "CONCEPT_CLASS_ID": "Clinical Drug",
            "INVALID_REASON": "V"
          },
          "includeMapped": false,
          "includeDescendants": false
        },
        {
          "isExcluded": false,
          "concept": {
            "INVALID_REASON_CAPTION": "Valid",
            "CONCEPT_ID": 1154201,
            "STANDARD_CONCEPT": "S",
            "CONCEPT_CODE": "351246",
            "VOCABULARY_ID": "RxNorm",
            "CONCEPT_NAME": "montelukast 4 MG Oral Granules",
            "DOMAIN_ID": "Drug",
            "STANDARD_CONCEPT_CAPTION": "Standard",
            "CONCEPT_CLASS_ID": "Clinical Drug",
            "INVALID_REASON": "V"
          },
          "includeMapped": false,
          "includeDescendants": false
        },
        {
          "isExcluded": false,
          "concept": {
            "INVALID_REASON_CAPTION": "Valid",
            "CONCEPT_ID": 19101792,
            "STANDARD_CONCEPT": "S",
            "CONCEPT_CODE": "391880",
            "VOCABULARY_ID": "RxNorm",
            "CONCEPT_NAME": "montelukast 4 MG Oral Tablet",
            "DOMAIN_ID": "Drug",
            "STANDARD_CONCEPT_CAPTION": "Standard",
            "CONCEPT_CLASS_ID": "Clinical Drug",
            "INVALID_REASON": "V"
          },
          "includeMapped": false,
          "includeDescendants": false
        },
        {
          "isExcluded": false,
          "concept": {
            "INVALID_REASON_CAPTION": "Valid",
            "CONCEPT_ID": 19101818,
            "STANDARD_CONCEPT": "S",
            "CONCEPT_CODE": "392072",
            "VOCABULARY_ID": "RxNorm",
            "CONCEPT_NAME": "montelukast 5 MG Oral Tablet",
            "DOMAIN_ID": "Drug",
            "STANDARD_CONCEPT_CAPTION": "Standard",
            "CONCEPT_CLASS_ID": "Clinical Drug",
            "INVALID_REASON": "V"
          },
          "includeMapped": false,
          "includeDescendants": false
        },
        {
          "isExcluded": false,
          "concept": {
            "INVALID_REASON_CAPTION": "Valid",
            "CONCEPT_ID": 21603356,
            "STANDARD_CONCEPT": "C",
            "CONCEPT_CODE": "R03DC03",
            "VOCABULARY_ID": "ATC",
            "CONCEPT_NAME": "montelukast; oral",
            "DOMAIN_ID": "Drug",
            "STANDARD_CONCEPT_CAPTION": "Classification",
            "CONCEPT_CLASS_ID": "ATC 5th",
            "INVALID_REASON": "V"
          },
          "includeMapped": false,
          "includeDescendants": false
        },
        {
          "isExcluded": false,
          "concept": {
            "INVALID_REASON_CAPTION": "Valid",
            "CONCEPT_ID": 45775116,
            "STANDARD_CONCEPT": "S",
            "CONCEPT_CODE": "1546059",
            "VOCABULARY_ID": "RxNorm",
            "CONCEPT_NAME": "olodaterol",
            "DOMAIN_ID": "Drug",
            "STANDARD_CONCEPT_CAPTION": "Standard",
            "CONCEPT_CLASS_ID": "Ingredient",
            "INVALID_REASON": "V"
          },
          "includeMapped": false,
          "includeDescendants": false
        },
        {
          "isExcluded": false,
          "concept": {
            "INVALID_REASON_CAPTION": "Valid",
            "CONCEPT_ID": 1550557,
            "STANDARD_CONCEPT": "S",
            "CONCEPT_CODE": "8638",
            "VOCABULARY_ID": "RxNorm",
            "CONCEPT_NAME": "prednisolone",
            "DOMAIN_ID": "Drug",
            "STANDARD_CONCEPT_CAPTION": "Standard",
            "CONCEPT_CLASS_ID": "Ingredient",
            "INVALID_REASON": "V"
          },
          "includeMapped": false,
          "includeDescendants": false
        },
        {
          "isExcluded": false,
          "concept": {
            "INVALID_REASON_CAPTION": "Valid",
            "CONCEPT_ID": 40236897,
            "STANDARD_CONCEPT": "S",
            "CONCEPT_CODE": "1091836",
            "VOCABULARY_ID": "RxNorm",
            "CONCEPT_NAME": "roflumilast",
            "DOMAIN_ID": "Drug",
            "STANDARD_CONCEPT_CAPTION": "Standard",
            "CONCEPT_CLASS_ID": "Ingredient",
            "INVALID_REASON": "V"
          },
          "includeMapped": false,
          "includeDescendants": false
        },
        {
          "isExcluded": false,
          "concept": {
            "INVALID_REASON_CAPTION": "Valid",
            "CONCEPT_ID": 40236899,
            "STANDARD_CONCEPT": "S",
            "CONCEPT_CODE": "1091839",
            "VOCABULARY_ID": "RxNorm",
            "CONCEPT_NAME": "roflumilast 0.5 MG Oral Tablet",
            "DOMAIN_ID": "Drug",
            "STANDARD_CONCEPT_CAPTION": "Standard",
            "CONCEPT_CLASS_ID": "Clinical Drug",
            "INVALID_REASON": "V"
          },
          "includeMapped": false,
          "includeDescendants": false
        },
        {
          "isExcluded": false,
          "concept": {
            "INVALID_REASON_CAPTION": "Valid",
            "CONCEPT_ID": 1137529,
            "STANDARD_CONCEPT": "S",
            "CONCEPT_CODE": "36117",
            "VOCABULARY_ID": "RxNorm",
            "CONCEPT_NAME": "salmeterol",
            "DOMAIN_ID": "Drug",
            "STANDARD_CONCEPT_CAPTION": "Standard",
            "CONCEPT_CLASS_ID": "Ingredient",
            "INVALID_REASON": "V"
          },
          "includeMapped": false,
          "includeDescendants": false
        },
        {
          "isExcluded": false,
          "concept": {
            "INVALID_REASON_CAPTION": "Valid",
            "CONCEPT_ID": 2108657,
            "STANDARD_CONCEPT": "S",
            "CONCEPT_CODE": "4135F",
            "VOCABULARY_ID": "CPT4",
            "CONCEPT_NAME": "Systemic corticosteroids prescribed (OME)",
            "DOMAIN_ID": "Observation",
            "STANDARD_CONCEPT_CAPTION": "Standard",
            "CONCEPT_CLASS_ID": "CPT4",
            "INVALID_REASON": "V"
          },
          "includeMapped": false,
          "includeDescendants": false
        },
        {
          "isExcluded": false,
          "concept": {
            "INVALID_REASON_CAPTION": "Valid",
            "CONCEPT_ID": 1237049,
            "STANDARD_CONCEPT": "S",
            "CONCEPT_CODE": "10438",
            "VOCABULARY_ID": "RxNorm",
            "CONCEPT_NAME": "theophylline",
            "DOMAIN_ID": "Drug",
            "STANDARD_CONCEPT_CAPTION": "Standard",
            "CONCEPT_CLASS_ID": "Ingredient",
            "INVALID_REASON": "V"
          },
          "includeMapped": false,
          "includeDescendants": false
        },
        {
          "isExcluded": false,
          "concept": {
            "INVALID_REASON_CAPTION": "Valid",
            "CONCEPT_ID": 1237050,
            "STANDARD_CONCEPT": "S",
            "CONCEPT_CODE": "198255",
            "VOCABULARY_ID": "RxNorm",
            "CONCEPT_NAME": "theophylline 100 MG Oral Capsule",
            "DOMAIN_ID": "Drug",
            "STANDARD_CONCEPT_CAPTION": "Standard",
            "CONCEPT_CLASS_ID": "Clinical Drug",
            "INVALID_REASON": "V"
          },
          "includeMapped": false,
          "includeDescendants": false
        },
        {
          "isExcluded": false,
          "concept": {
            "INVALID_REASON_CAPTION": "Valid",
            "CONCEPT_ID": 1237235,
            "STANDARD_CONCEPT": "S",
            "CONCEPT_CODE": "317831",
            "VOCABULARY_ID": "RxNorm",
            "CONCEPT_NAME": "theophylline 130 MG Extended Release Oral Capsule",
            "DOMAIN_ID": "Drug",
            "STANDARD_CONCEPT_CAPTION": "Standard",
            "CONCEPT_CLASS_ID": "Clinical Drug",
            "INVALID_REASON": "V"
          },
          "includeMapped": false,
          "includeDescendants": false
        },
        {
          "isExcluded": false,
          "concept": {
            "INVALID_REASON_CAPTION": "Valid",
            "CONCEPT_ID": 1237261,
            "STANDARD_CONCEPT": "S",
            "CONCEPT_CODE": "346574",
            "VOCABULARY_ID": "RxNorm",
            "CONCEPT_NAME": "theophylline 200 MG Extended Release Oral Tablet",
            "DOMAIN_ID": "Drug",
            "STANDARD_CONCEPT_CAPTION": "Standard",
            "CONCEPT_CLASS_ID": "Clinical Drug",
            "INVALID_REASON": "V"
          },
          "includeMapped": false,
          "includeDescendants": false
        },
        {
          "isExcluded": false,
          "concept": {
            "INVALID_REASON_CAPTION": "Valid",
            "CONCEPT_ID": 1237054,
            "STANDARD_CONCEPT": "S",
            "CONCEPT_CODE": "198259",
            "VOCABULARY_ID": "RxNorm",
            "CONCEPT_NAME": "theophylline 200 MG Oral Capsule",
            "DOMAIN_ID": "Drug",
            "STANDARD_CONCEPT_CAPTION": "Standard",
            "CONCEPT_CLASS_ID": "Clinical Drug",
            "INVALID_REASON": "V"
          },
          "includeMapped": false,
          "includeDescendants": false
        },
        {
          "isExcluded": false,
          "concept": {
            "INVALID_REASON_CAPTION": "Valid",
            "CONCEPT_ID": 1237184,
            "STANDARD_CONCEPT": "S",
            "CONCEPT_CODE": "313291",
            "VOCABULARY_ID": "RxNorm",
            "CONCEPT_NAME": "theophylline 400 MG Extended Release Oral Tablet",
            "DOMAIN_ID": "Drug",
            "STANDARD_CONCEPT_CAPTION": "Standard",
            "CONCEPT_CLASS_ID": "Clinical Drug",
            "INVALID_REASON": "V"
          },
          "includeMapped": false,
          "includeDescendants": false
        },
        {
          "isExcluded": false,
          "concept": {
            "INVALID_REASON_CAPTION": "Valid",
            "CONCEPT_ID": 1106776,
            "STANDARD_CONCEPT": "S",
            "CONCEPT_CODE": "69120",
            "VOCABULARY_ID": "RxNorm",
            "CONCEPT_NAME": "tiotropium",
            "DOMAIN_ID": "Drug",
            "STANDARD_CONCEPT_CAPTION": "Standard",
            "CONCEPT_CLASS_ID": "Ingredient",
            "INVALID_REASON": "V"
          },
          "includeMapped": false,
          "includeDescendants": false
        },
        {
          "isExcluded": false,
          "concept": {
            "INVALID_REASON_CAPTION": "Valid",
            "CONCEPT_ID": 44785907,
            "STANDARD_CONCEPT": "S",
            "CONCEPT_CODE": "1487514",
            "VOCABULARY_ID": "RxNorm",
            "CONCEPT_NAME": "umeclidinium",
            "DOMAIN_ID": "Drug",
            "STANDARD_CONCEPT_CAPTION": "Standard",
            "CONCEPT_CLASS_ID": "Ingredient",
            "INVALID_REASON": "V"
          },
          "includeMapped": false,
          "includeDescendants": false
        },
        {
          "isExcluded": false,
          "concept": {
            "INVALID_REASON_CAPTION": "Valid",
            "CONCEPT_ID": 43532539,
            "STANDARD_CONCEPT": "S",
            "CONCEPT_CODE": "1424884",
            "VOCABULARY_ID": "RxNorm",
            "CONCEPT_NAME": "vilanterol",
            "DOMAIN_ID": "Drug",
            "STANDARD_CONCEPT_CAPTION": "Standard",
            "CONCEPT_CLASS_ID": "Ingredient",
            "INVALID_REASON": "V"
          },
          "includeMapped": false,
          "includeDescendants": false
        },
        {
          "isExcluded": false,
          "concept": {
            "INVALID_REASON_CAPTION": "Valid",
            "CONCEPT_ID": 21603328,
            "STANDARD_CONCEPT": "C",
            "CONCEPT_CODE": "R03DA",
            "VOCABULARY_ID": "ATC",
            "CONCEPT_NAME": "Xanthines",
            "DOMAIN_ID": "Drug",
            "STANDARD_CONCEPT_CAPTION": "Classification",
            "CONCEPT_CLASS_ID": "ATC 4th",
            "INVALID_REASON": "V"
          },
          "includeMapped": false,
          "includeDescendants": false
        },
        {
          "isExcluded": false,
          "concept": {
            "INVALID_REASON_CAPTION": "Valid",
            "CONCEPT_ID": 1111706,
            "STANDARD_CONCEPT": "S",
            "CONCEPT_CODE": "114970",
            "VOCABULARY_ID": "RxNorm",
            "CONCEPT_NAME": "zafirlukast",
            "DOMAIN_ID": "Drug",
            "STANDARD_CONCEPT_CAPTION": "Standard",
            "CONCEPT_CLASS_ID": "Ingredient",
            "INVALID_REASON": "V"
          },
          "includeMapped": false,
          "includeDescendants": false
        },
        {
          "isExcluded": false,
          "concept": {
            "INVALID_REASON_CAPTION": "Valid",
            "CONCEPT_ID": 1111707,
            "STANDARD_CONCEPT": "S",
            "CONCEPT_CODE": "199655",
            "VOCABULARY_ID": "RxNorm",
            "CONCEPT_NAME": "zafirlukast 20 MG Oral Tablet",
            "DOMAIN_ID": "Drug",
            "STANDARD_CONCEPT_CAPTION": "Standard",
            "CONCEPT_CLASS_ID": "Clinical Drug",
            "INVALID_REASON": "V"
          },
          "includeMapped": false,
          "includeDescendants": false
        }
      ]},
      "name": "[EUNZI] COPD medication",
      "id": 2
    },
    {
      "expression": {"items": [{
        "isExcluded": false,
        "concept": {
          "INVALID_REASON_CAPTION": "Valid",
          "CONCEPT_ID": 8715,
          "STANDARD_CONCEPT": "S",
          "CONCEPT_CODE": "32485007",
          "VOCABULARY_ID": "SNOMED",
          "CONCEPT_NAME": "Hospital admission",
          "DOMAIN_ID": "Observation",
          "STANDARD_CONCEPT_CAPTION": "Standard",
          "CONCEPT_CLASS_ID": "Procedure",
          "INVALID_REASON": "V"
        },
        "includeMapped": true,
        "includeDescendants": true
      }]},
      "name": "hospital admission",
      "id": 3
    },
    {
      "expression": {"items": [
        {
          "isExcluded": false,
          "concept": {
            "INVALID_REASON_CAPTION": "Valid",
            "CONCEPT_ID": 1518254,
            "STANDARD_CONCEPT": "S",
            "CONCEPT_CODE": "3264",
            "VOCABULARY_ID": "RxNorm",
            "CONCEPT_NAME": "dexamethasone",
            "DOMAIN_ID": "Drug",
            "STANDARD_CONCEPT_CAPTION": "Standard",
            "CONCEPT_CLASS_ID": "Ingredient",
            "INVALID_REASON": "V"
          },
          "includeMapped": false,
          "includeDescendants": false
        },
        {
          "isExcluded": false,
          "concept": {
            "INVALID_REASON_CAPTION": "Valid",
            "CONCEPT_ID": 1506270,
            "STANDARD_CONCEPT": "S",
            "CONCEPT_CODE": "6902",
            "VOCABULARY_ID": "RxNorm",
            "CONCEPT_NAME": "methylprednisolone",
            "DOMAIN_ID": "Drug",
            "STANDARD_CONCEPT_CAPTION": "Standard",
            "CONCEPT_CLASS_ID": "Ingredient",
            "INVALID_REASON": "V"
          },
          "includeMapped": false,
          "includeDescendants": false
        },
        {
          "isExcluded": false,
          "concept": {
            "INVALID_REASON_CAPTION": "Valid",
            "CONCEPT_ID": 1550557,
            "STANDARD_CONCEPT": "S",
            "CONCEPT_CODE": "8638",
            "VOCABULARY_ID": "RxNorm",
            "CONCEPT_NAME": "prednisolone",
            "DOMAIN_ID": "Drug",
            "STANDARD_CONCEPT_CAPTION": "Standard",
            "CONCEPT_CLASS_ID": "Ingredient",
            "INVALID_REASON": "V"
          },
          "includeMapped": false,
          "includeDescendants": false
        },
        {
          "isExcluded": false,
          "concept": {
            "INVALID_REASON_CAPTION": "Valid",
            "CONCEPT_ID": 2108657,
            "STANDARD_CONCEPT": "S",
            "CONCEPT_CODE": "4135F",
            "VOCABULARY_ID": "CPT4",
            "CONCEPT_NAME": "Systemic corticosteroids prescribed (OME)",
            "DOMAIN_ID": "Observation",
            "STANDARD_CONCEPT_CAPTION": "Standard",
            "CONCEPT_CLASS_ID": "CPT4",
            "INVALID_REASON": "V"
          },
          "includeMapped": false,
          "includeDescendants": false
        }
      ]},
      "name": "[HYL] Systemic steroid",
      "id": 4
    },
    {
      "expression": {"items": [
        {
          "isExcluded": false,
          "concept": {
            "INVALID_REASON_CAPTION": "Valid",
            "CONCEPT_ID": 439676,
            "STANDARD_CONCEPT": "S",
            "CONCEPT_CODE": "186747009",
            "VOCABULARY_ID": "SNOMED",
            "CONCEPT_NAME": "Coronavirus infection",
            "DOMAIN_ID": "Condition",
            "STANDARD_CONCEPT_CAPTION": "Standard",
            "CONCEPT_CLASS_ID": "Clinical Finding",
            "INVALID_REASON": "V"
          },
          "includeMapped": false,
          "includeDescendants": false
        },
        {
          "isExcluded": false,
          "concept": {
            "INVALID_REASON_CAPTION": "Valid",
            "CONCEPT_ID": 37311061,
            "STANDARD_CONCEPT": "S",
            "CONCEPT_CODE": "840539006",
            "VOCABULARY_ID": "SNOMED",
            "CONCEPT_NAME": "COVID-19",
            "DOMAIN_ID": "Condition",
            "STANDARD_CONCEPT_CAPTION": "Standard",
            "CONCEPT_CLASS_ID": "Clinical Finding",
            "INVALID_REASON": "V"
          },
          "includeMapped": false,
          "includeDescendants": false
        },
        {
          "isExcluded": false,
          "concept": {
            "INVALID_REASON_CAPTION": "Valid",
            "CONCEPT_ID": 4100065,
            "STANDARD_CONCEPT": "S",
            "CONCEPT_CODE": "27619001",
            "VOCABULARY_ID": "SNOMED",
            "CONCEPT_NAME": "Disease due to Coronaviridae",
            "DOMAIN_ID": "Condition",
            "STANDARD_CONCEPT_CAPTION": "Standard",
            "CONCEPT_CLASS_ID": "Clinical Finding",
            "INVALID_REASON": "V"
          },
          "includeMapped": false,
          "includeDescendants": false
        },
        {
          "isExcluded": false,
          "concept": {
            "INVALID_REASON_CAPTION": "Valid",
            "CONCEPT_ID": 704996,
            "STANDARD_CONCEPT": "S",
            "CONCEPT_CODE": "OMOP4912978",
            "VOCABULARY_ID": "OMOP Extension",
            "CONCEPT_NAME": "Patient meets COVID-19 laboratory diagnostic criteria",
            "DOMAIN_ID": "Observation",
            "STANDARD_CONCEPT_CAPTION": "Standard",
            "CONCEPT_CLASS_ID": "Clinical Finding",
            "INVALID_REASON": "V"
          },
          "includeMapped": false,
          "includeDescendants": false
        },
        {
          "isExcluded": false,
          "concept": {
            "INVALID_REASON_CAPTION": "Valid",
            "CONCEPT_ID": 40479642,
            "STANDARD_CONCEPT": "S",
            "CONCEPT_CODE": "441590008",
            "VOCABULARY_ID": "SNOMED",
            "CONCEPT_NAME": "Pneumonia due to Severe acute respiratory syndrome coronavirus",
            "DOMAIN_ID": "Condition",
            "STANDARD_CONCEPT_CAPTION": "Standard",
            "CONCEPT_CLASS_ID": "Clinical Finding",
            "INVALID_REASON": "V"
          },
          "includeMapped": false,
          "includeDescendants": false
        }
      ]},
      "name": "[HYL] COVID-19 infection",
      "id": 5
    }
  ],
  "cdmVersionRange": ">=5.0.0",
  "CensoringCriteria": [],
  "QualifiedLimit": {"Type": "First"},
  "InclusionRules": [
    {
      "expression": {
        "CriteriaList": [
          {
            "RestrictVisit": false,
            "StartWindow": {
              "UseEventEnd": false,
              "Start": {
                "Days": 0,
                "Coeff": -1
              },
              "End": {
                "Days": null,
                "Coeff": 1
              },
              "UseIndexEnd": false
            },
            "IgnoreObservationPeriod": false,
            "EndWindow": null,
            "Criteria": {"VisitOccurrence": {
              "OccurrenceEndDate": null,
              "VisitLength": null,
              "CorrelatedCriteria": null,
              "VisitSourceConcept": null,
              "CodesetId": 1,
              "VisitTypeExclude": false,
              "ProviderSpecialty": null,
              "Gender": null,
              "PlaceOfServiceLocation": null,
              "PlaceOfService": null,
              "VisitType": null,
              "First": null,
              "OccurrenceStartDate": null,
              "Age": null
            }},
            "Occurrence": {
              "Type": 2,
              "CountColumn": null,
              "IsDistinct": false,
              "Count": 2
            }
          },
          {
            "RestrictVisit": false,
            "StartWindow": {
              "UseEventEnd": false,
              "Start": {
                "Days": 0,
                "Coeff": -1
              },
              "End": {
                "Days": null,
                "Coeff": 1
              },
              "UseIndexEnd": false
            },
            "IgnoreObservationPeriod": false,
            "EndWindow": null,
            "Criteria": {"DrugExposure": {
              "OccurrenceEndDate": null,
              "CorrelatedCriteria": null,
              "DrugSourceConcept": null,
              "CodesetId": 2,
              "DrugTypeExclude": false,
              "Quantity": null,
              "DrugType": null,
              "ProviderSpecialty": null,
              "EffectiveDrugDose": null,
              "Gender": null,
              "DaysSupply": null,
              "DoseUnit": null,
              "VisitType": null,
              "Refills": null,
              "First": null,
              "OccurrenceStartDate": null,
              "RouteConcept": null,
              "StopReason": null,
              "LotNumber": null,
              "Age": null
            }},
            "Occurrence": {
              "Type": 2,
              "CountColumn": null,
              "IsDistinct": false,
              "Count": 2
            }
          }
        ],
        "Type": "ALL",
        "DemographicCriteriaList": [],
        "Groups": [],
        "Count": null
      },
      "name": "outpatient visit ",
      "description": null
    },
    {
      "expression": {
        "CriteriaList": [
          {
            "RestrictVisit": false,
            "StartWindow": {
              "UseEventEnd": false,
              "Start": {
                "Days": 0,
                "Coeff": -1
              },
              "End": {
                "Days": null,
                "Coeff": 1
              },
              "UseIndexEnd": false
            },
            "IgnoreObservationPeriod": false,
            "EndWindow": null,
            "Criteria": {"ConditionOccurrence": {
              "OccurrenceEndDate": null,
              "CorrelatedCriteria": null,
              "ConditionTypeExclude": false,
              "CodesetId": 5,
              "ProviderSpecialty": null,
              "Gender": null,
              "VisitType": null,
              "First": null,
              "OccurrenceStartDate": null,
              "ConditionType": null,
              "ConditionSourceConcept": null,
              "ConditionStatus": null,
              "StopReason": null,
              "Age": null
            }},
            "Occurrence": {
              "Type": 0,
              "CountColumn": null,
              "IsDistinct": false,
              "Count": 0
            }
          },
          {
            "RestrictVisit": false,
            "StartWindow": {
              "UseEventEnd": false,
              "Start": {
                "Days": 0,
                "Coeff": -1
              },
              "End": {
                "Days": null,
                "Coeff": 1
              },
              "UseIndexEnd": false
            },
            "IgnoreObservationPeriod": false,
            "EndWindow": null,
            "Criteria": {"Observation": {
              "ValueAsConcept": null,
              "ObservationType": null,
              "CorrelatedCriteria": null,
              "ObservationTypeExclude": false,
              "ValueAsString": null,
              "CodesetId": 5,
              "ProviderSpecialty": null,
              "Gender": null,
              "Unit": null,
              "ObservationSourceConcept": null,
              "VisitType": null,
              "ValueAsNumber": null,
              "Qualifier": null,
              "First": null,
              "OccurrenceStartDate": null,
              "Age": null
            }},
            "Occurrence": {
              "Type": 0,
              "CountColumn": null,
              "IsDistinct": false,
              "Count": 0
            }
          }
        ],
        "Type": "ANY",
        "DemographicCriteriaList": [],
        "Groups": [],
        "Count": null
      },
      "name": "covid",
      "description": null
    }
  ],
  "PrimaryCriteria": {
    "CriteriaList": [{"ConditionOccurrence": {
      "OccurrenceEndDate": null,
      "CorrelatedCriteria": null,
      "ConditionTypeExclude": false,
      "CodesetId": 0,
      "ProviderSpecialty": null,
      "Gender": null,
      "VisitType": null,
      "First": null,
      "OccurrenceStartDate": {
        "Op": "gte",
        "Extent": null,
        "Value": "2019-12-31"
      },
      "ConditionType": null,
      "ConditionSourceConcept": null,
      "ConditionStatus": null,
      "StopReason": null,
      "Age": null
    }}],
    "PrimaryCriteriaLimit": {"Type": "First"},
    "ObservationWindow": {
      "PostDays": 0,
      "PriorDays": 0
    }
  }
}